1pK5e7YxixmERU617STiXgiGdnactBQrT,102.41154812126
1ERn5JRTm5P47LzhiLCbKtduwj9M3cPE81,3004.072078224
1Mdu9MbAEsUm81NzEPQR7GCkUxbG39pWMy,955.8411157988
1x1yenCV3GxoiGPjpE1iykCH9kcmS8fsr,204.8230962428
1A7mEa8zufBg2ajkQU8uezFKVvaxEqXr3g,304298.8466504
1kFhM8vtEzbZ43Z5wcadPvNrb4xFXbgze,409.6461924856
16xxKVrtDxTuEJhADUxVmZK94im43RXi45,716.8808368484
1JBmwfJ4HmxTDDYwZY1rC63xR9h8Usqtat,443.7833751918
1Dx6QsUh2BjcYSkFdFtrCRC9Xx5fDJWeHp,136.5487308283
1PZ4yQmyi4JsfhUUHJiNs15gt98MreQXw1,68.27436541422
14yBc8zcJZh8nhUVx62RBX1n19Nw4pgy2q,102.41154812126
1M5haKYJ8PJ43kHTs6okSBLj5gUhLRQiUJ,546.1949233132
1DKhy7jj8oB53iGZYrWzDSfcVoKHjsuxaa,4028.187559438
16wwpo6sJeFFWMnSy7ySa62mZLTAWohyP7,2355.465606788
1A9qwtctYmYrCKSegy7RrNCUJxuohwFQmD,921.7039330912
1QAZtw4SYaMfceg55uL2yarTnDtjySSyXz,136.5487308283
17wwzTrWrk1buS9bxEFdgTsvhiyrDakBZe,170.6859135352
18jMxk8jqwvgpx4wT48VAb6jGbYNazz4b7,682.7436541422
18q45dAKGakQdPkjrg17NrfdiFGKWULwSJ,204.8230962428
17tRggPGbLBVWFBoySALZXTABD2zSe3kEW,136.5487308283
1CfWWyDNUeioJc7TBnqDBDyQKJUYwT7S2Z,303172.3196222
1Emfox1WswYcd2YucUskRzqfRWKkcm1Jut,170.6859135352
1EykDePNj9311jvwcUaZczCjNFQ6Ep1zmi,307.2346443642
1GhARG75QssPfXntVLW5wwpqPP6H2fRbmo,34.13718270704
14VRNYCwocTSAyPprHnKx12Eim6jDBHYZq,273.0974616566
1JvdsgxiJQYAJSE4Tjs3BWbXZk6Kw9mxnB,479729.8285822
1Cz5aivRFToakTozfch7iZXSY2YBwd9qQZ,11640.779303118
18xskifRMWUtMzbHSzQi7rEWF5upmktgF2,54790.1782449
14JoB7XgPE57yZ4G57YrEFSurf35TGBE8t,68.27436541422
1CRfD8qjUd8uKnYX35oxz8qAYrCnn2Zryc,102.41154812126
1Dz6fEZma7bUwnGo44yRjgduP71cWtkgS4,2082.36814513
1FxaZmCkaqkKxbBz52fNAMe9bRn2GoECvf,170.6859135352
1Fm4p5nVbKxaYaQz4kuANQG2scDBLRvECJ,102.41154812126
1GnJic1ATC7R7cbzBR6Q7Yqziv7bwj8aQY,648.6064714346
1Mrin7GnKsBPJ78mqZiChKzNtY5WC84WFZ,341.3718270704
1P6NSPXyGxPsetEE1qjWnvpPyZk3qnNboR,68.27436541422
14TM5MS9J3TZF2ZmAW91kCxVUHxeWTtLji,34.13718270704
1EyUQD2gwHExXnJKSkhGeQsGwAPUuVvwcE,238.960278949
19QkqAza7BHFTuoz9N8UQkryP4E9jHo4N3,6690.887810586
1CcWpm9HSqZwE96H3SeB7V1QGUhGHfxJh,1092.3898466264
1AKHyiMrE5e648KYdvzHDcJcf8QBPjSnXR,68.27436541422
1BjvzSbfC2MhAVG2xvhkjuXZxApB8CgCnn,375.509009778
14itNE5APTMtXzNZteDeZNkNH2AUJQY1Zh,102.41154812126
12RuaN5UvZYkMn4BiiS4mMoffe3mgjzZMU,682.7436541422
121Pb2BBrU7C61vBdWCKVuFFmaEZr6xFAX,10548.389456486
1MUpAKKjyM56gxfKkW4LTHkWRcCFRx2y12,238.960278949
13B9eDYgwTdhfWHgQXYT8EWNpL3uV4Ffie,1911.682231592
15szdWSCEVAvXVEKsrEtcKNtCfmo69drZ9,68.27436541422
1NqxTQ7D9w3oukfpYda8GHnXSYxr9xFoQS,34137.18270704
1EZpys8PMP8bZxs2tFTY5T7cimmVMZAxuw,136.5487308283
12UVr7jmrEitXQfzDPXAQ7etiVaa21p4iT,375.509009778
1Ks4roXAZj45sXRsWMfGqmAPmDoWZ9TAko,1126.527029334
19wkReFDngXWYvqrC7g96SD3uuqR5P8ahX,1263.0757601616
1BroUgeCemQvWeYBekpFyEFGZVqrXnrtQ9,853.4295676774
1MZbzzaLJfZb6tkwgBbGX5ayeCbQJaYDwc,204.8230962428
1Q4wj8JfZNGgRFYrk2bfWvqcqH1Y9YVNn9,170.6859135352
1CJSRunQtPQsiZRK7vznyeCfyDTb2kxGA8,1160.6642120402
1PxUC79jXvZRbewCeRLPm9gtUbzWGdC2h8,614.469288727
17vec4jQGCzMEsTnivizHPaowE715tu2CB,307.2346443642
184yBE6BY5WRpUvj7pzXjdRaemUByHvgx3,102.41154812126
1EZhgmDXpwppCi7g7mSJkLHJDgtXsyTv6P,204.8230962428
1CbZoBeFBEsvVMb3r6sijaAG8djBFhxWwp,68.27436541422
1Hcx2ZWSA1nrp3HgAq8CFu4vyUzo1WAQCc,682.7436541422
1CfNKbC9LLwrtZUC7qTwqSuJHk9qyEL5KH,341.3718270704
12QHFnbkJEwv8jmmwcXQqLyfTATqpH1eaq,68.27436541422
19FLaursDZbNyB7Fvj4wjKXYcX8GrZkkGr,477.9205578994
1AzAEfFAcctucZB9H2P5d8TRJQFLWyBJPf,68.27436541422
1F5uDaCF8ZP6kiLHvDhWsSNPHP6kwt7udi,2457.877154908
1LNL1Zrg5h2z8m9c48fgdMx2uXmN3S5Kch,1945.819414308
16y9hCqxESscRnBJwJskJpDACH4qUiRpA8,238.960278949
1DTdNS3EksVgYAs7yykVA1eifjEHNqsqaY,204.8230962428
1CBCR1jCnD57yfwMXsUKbMBaMSrKaBUt3z,68.27436541422
1ASdsZ1JUwtVXDfYBx7MRNMeHQ8J51pSRw,53083.31910952
1KmDbkBGYzotq6aVf981H6aN2F5nc1SXdQ,1263.0757601616
1E1EJnnUP4vEhoAhd7Cotb6n9VwrbeTPY1,68.27436541422
1Hq7gyvgYCnusxcvosmSy26jXXSudnsgwg,580.3321060208
1AyjX2QpTYFnmMFnzD3A2sqosfrrMuKbcz,17648.92345958
1NNRTWBA5PLVUwHsgCwQ6XTerak59VQCjL,853.4295676774
16gyrVWagSBN77hGMtQDSJNU3hrPGGRfVq,7988.100753458
1KZBFKD7NpV7ndufLZfKDdQgRz8nfXEBDm,3652.67854966
1HXeAHn3LrCo7Xv6EU1rHsdvoY8nu9RGZL,68.27436541422
1KZKMYixw4PDtu5ZbKqrahRWeAgputuVoc,6690.887810586
1KGxe5my4BWjt9CExxPTWBRLVfdfeB6Ery,1194.8013947478
15btmQxdDU2ZNDnMUfURmsATjy8iCtZmaF,546.1949233132
1QEMKqsW3y7EgEefSoCR5DLvUvH4xs5zdJ,68.27436541422
17vec4jQGCzMEsTnivizHPaowE715tu2CB,42739.75274926
17WNPSjjBxQF7gkQiFNe1yoZ1DaSgztM7K,68.27436541422
1KZZaLCMPTh9tiNZ7JDXeZUjr6yPYYwtGD,1263.0757601616
14wvMyGUXvJpdW2GbKWCEsMDw5s5Ay2F4r,2457.877154908
1SbC9Y3b5eZkYtEd7dbtzD7eP6rtEMfj5,204.8230962428
1Cy9e1Yuwboj63XRkMkT6W6YsGDtYDrsUp,1228.9385774554
1NtbgQ61TH579orJQEpAZ4zGvgyzLX4L39,204.8230962428
13pG9etGRXHjWqE8sc4dhheGzaZT5LsuRk,580.3321060208
1LpoMowMPEVWk2LaJUdAUNaK7gBDRA1r7F,14030.38209258
1PrXnipPcdfNxANzxX1MTy6ko4RM8VNukm,238.960278949
1H5qJrnYG9pPzFZ2zbmKihymnB23ViEbXz,238.960278949
1NgSfubWAAYrApH5rAe8RYcfdtQTNbWxbo,375.509009778
