Balthozar,1kFhM8vtEzbZ43Z5wcadPvNrb4xFXbgze,7-Word Count(http://devtome.com/doku.php?id=wiki:user:Balthozar)
Barnacle_Ed,1G2SGLjNvrhZPZfEeqnmFtK16mddroKArw,1-Word Count(http://devtome.com/doku.php?id=wiki:user:Barnacle_Ed)
Emfox,1Emfox1WswYcd2YucUskRzqfRWKkcm1Jut,6-Word Count(http://devtome.com/doku.php?id=wiki:user:Emfox)
Fheenix,1JvdsgxiJQYAJSE4Tjs3BWbXZk6Kw9mxnB,10-Word Count(http://devtome.com/doku.php?id=wiki:user:Fheenix)
FinShaggy,1mZW6zRuz5wRrCijYgEnJWcncBiqRyFPN,64-Word Count(http://devtome.com/doku.php?id=wiki:user:FinShaggy)
FuzzyBear,18xskifRMWUtMzbHSzQi7rEWF5upmktgF2,8-Word Count(http://devtome.com/doku.php?id=wiki:user:FuzzyBear)
Gabcab,14JoB7XgPE57yZ4G57YrEFSurf35TGBE8t,7-Word Count(http://devtome.com/doku.php?id=wiki:user:Gabcab)
Grc,1FxaZmCkaqkKxbBz52fNAMe9bRn2GoECvf,1-Word Count(http://devtome.com/doku.php?id=wiki:user:Grc)
Ibrennan,14TM5MS9J3TZF2ZmAW91kCxVUHxeWTtLji,1-Word Count(http://devtome.com/doku.php?id=wiki:user:Ibrennan)
Jdean1,1AKHyiMrE5e648KYdvzHDcJcf8QBPjSnXR,3-Word Count(http://devtome.com/doku.php?id=wiki:user:Jdean1)
Knotwork,121Pb2BBrU7C61vBdWCKVuFFmaEZr6xFAX,4-Word Count(http://devtome.com/doku.php?id=wiki:user:Knotwork)
Leojane,15szdWSCEVAvXVEKsrEtcKNtCfmo69drZ9,1-Word Count(http://devtome.com/doku.php?id=wiki:user:Leojane)
Marticps,12UVr7jmrEitXQfzDPXAQ7etiVaa21p4iT,1-Word Count(http://devtome.com/doku.php?id=wiki:user:Marticps)
Metazilla,1CJSRunQtPQsiZRK7vznyeCfyDTb2kxGA8,11-Word Count(http://devtome.com/doku.php?id=wiki:user:Metazilla)
Mosinnagant,1MWgsbq9464j7RF8WFdJzV72ZKpCxceNfW,30-Word Count(http://devtome.com/doku.php?id=wiki:user:Mosinnagant)
Operaficionado,19FLaursDZbNyB7Fvj4wjKXYcX8GrZkkGr,10-Word Count(http://devtome.com/doku.php?id=wiki:user:Operaficionado)
Python,1DTdNS3EksVgYAs7yykVA1eifjEHNqsqaY,3-Word Count(http://devtome.com/doku.php?id=wiki:user:Python)
Serena,1Hq7gyvgYCnusxcvosmSy26jXXSudnsgwg,31-Word Count(http://devtome.com/doku.php?id=wiki:user:Serena)
Termhn,1HXeAHn3LrCo7Xv6EU1rHsdvoY8nu9RGZL,7-Word Count(http://devtome.com/doku.php?id=wiki:user:Termhn)
Tosku,1QEMKqsW3y7EgEefSoCR5DLvUvH4xs5zdJ,1-Word Count(http://devtome.com/doku.php?id=wiki:user:Tosku)
Weisoq,1Cy9e1Yuwboj63XRkMkT6W6YsGDtYDrsUp,35-Word Count(http://devtome.com/doku.php?id=wiki:user:Weisoq)
WildElf,1KcKhKTXWX6TN6KJxGpBcDNxwsPWmKk2Tj,21-Word Count(http://devtome.com/doku.php?id=wiki:user:WildElf)
