Title,Unique Page Views
6coin,2
a_case_against_finshaggy,1
a_culture_of_fear,1
a_frustrating_flood,1
a_inside_view_of_the_orchestra,6
a_look_at_feathercoin,19
a_look_at_naked_and_afraid,6
a_post-structuralist_interpretation_of_the_image,1
a_review_of_coinad,1
a_typical_evening_with_you_poem,1
abruzzo_-_the_mountainous_region,2
addiction_to_bitcoins,1
adding_captcha_to_mvc_csharp_project,1
advanced_ancient_knowledge,1
affect_of_different_solidity_solutions_on_hermatocrit_percent_of_red_blood_cells,1
altcoin,2
american_system_failure,1
american_women_in_history,2
an_honest_look_at_discipleship,2
ancients,1
and_it_begins,1
anime_figures,1
announcing_the_dvc_essay_contest,8
annoyance_with_rift_warfronts,2
anthropology_in_the_museum_context_a_practicum_report,1
applied_anthropology_and_the_museum_context,1
arc_chapter_1_a_science_fiction_novel,1
architecture_critique_part_2,2
architecture_tadao_ando,1
are_we_still_human,1
arthritis,5
atrial_fib_treatment,3
bancassurance_in_europe_part_1,1
bancassurance_in_europe_part_2,1
bare_bones_roster,1
bbqcoin,103
being_youthful_is_not_a_matter_of_age_it_s_a_way_of_life,1
benefits_of_employing_information_technology_in_a_school_curriculum,2
bermuda_triangle,1
biological_elements_of_life,1
bitbar,1
bitcoin,6
bitcoin_difficulty_rising_fast,1
bitcoin_faucets,46
bitcoin_is_the_new_money_part_1,1
bitcoin_pr_buzz,2
bitcoin_quotes,6
bitcoin_share_list,1
bitcoin_trading_bots_my_take,1
bitcoins_and_irreversible_transactions,7
bitcontracts,1
black_and_white_2,1
blockchain_based_cryptocurrencies,901
book_one_-_the_forging_of_a_blade,7
book_one_-_the_riven_pages,4
born_again,1
brazil,1
burglaries_ninjabit,1
butane_hash_oil,1
bytecoin,2
cancer_home_treatment,9
candida,38
cardiovascular_disease,12
cassandra_s_story_project_legacy,1
cdebian,1
cell_biology_an_overview_pt_1,2
cell_biology_an_overview_pt_2,2
cell_biology_an_overview_pt_3,1
cerita_x,1
chaos_in_the_media,1
chapter_eleven_-_passage_bought_in_blood,1
chapter_ten_-_lucky_number_four,1
chapter_thirteen_-_to_be_a_corsair,3
chapter_three_-_the_first_vows,1
chapter_twelve_-_the_empress,1
checklist_of_criteria_to_consider_when_investing_in_alt-coins,1
chemistry_basics_uses_alcohols,1
chemistry_nanoparticles,1
chemistry_solutions_and_solubility,1
chncoin,3
cleopatra,1
cloudcoin,5
coco_as_a_grow_medium,1
coffeemud,3
coiledcoin,1
coinfaucets_the_ultimate_bitcoin_faucet_rotator,11
coins_and_exchanges,2
coinurl_and_malware,2
combating_devcoin_inflation,1
commitment,1
communicating_with_devcon_wallet_using_php,3
comparison_of_language_form_and_structure_in_the_millers_tale_the_taming_of_the_shrew_and_the_scarlett_letter,1
compile_error_resourcefix,1
computing,3
concepts_in_environmental_anthropology,1
conditional_forgiveness,175
contact_by_finshaggy,1
continent,1
court_martial_thomas_french,1
cpu_mining,3
craftcoin,4
creative_commons,1
creative_commons_attribution-sharealike_license,2
creeper,1
crossciv,2
crossfire_rpg,5
cryptocurrency statistic locations,1
cryptocurrency_statistic_locations,3
cryptogenic_bullion,3
cryptostocks,1
cryptsy,1
daily_script_results,5
daily_script_results',1
danielle_s_story_project_legacy,1
deal_or_no_deal_uk_tv_show,2
defiance_beginners_overview,1
defiance_game_a_let_down,12
defiance_shadow_war_guide,49
delicious_and_easy_k-cup_coffee,7
deus_ex_human_revolution,2
devcoin,63
devcoin gallery,1
devcoin.info.se_-_your_source_for_devcoin_information,3
devcoin_advertising_campaign,8
devcoin_block_explorer,7
devcoin_bounty,8
devcoin_bounty_now,12
devcoin_font,1
devcoin_gallery,4
devcoin_stock_purchases,1
devcorp,2
devtome,1
devtome.com,1
devtome_daily_updated_earnings,26
devtome_editors,2
devtome_embedding_media,1
devtome_new_writers,6
devtome_plugins,1
devtome_stats,17
devtome_text_syntax,1
devtome_voting_system_usage,3
devtome_writer_rules_read_me_first,1
devtome_writing_share_distribution,7
differences_between_different_types_of_cryptocurrencies,1
digital_anti-forensics,2
digitalis_open_transactions_server,1
does_gw2_remove_the_holy_trinity,2
drop_shipping,1
dubai_industries,1
e-currency,1
earn_devcoins_by_marketing,19
earn_devcoins_by_writing,142
earn_devcoins_by_writing]earn devcoins by writing,1
earning_devcoins_by_writing_step_by_step,2
economys_effect_on_gambling,2
educating_students_to_use_email_responsibly,1
edward snowden,1
edward_snowden,3
eft_bitcoinfunds_good_bad,1
electricity_is_cheaper_than_slavery,2
emigration_and_civilization,1
empowering_women_through_micro-credit,1
environmental_crisis_opinionii,1
environmental_justice,2
ep13_motherboy_xxx,1
ep15_staff_infection,1
ep5_sad_sack,1
ep7_switch_hitter,1
eschatalogy_history_early_church,158
essaydebate,1
ethnography_of_wildlife_carers,2
event1_prologue,1
extendingtheschoolday,2
faucets,4
feathercoin,2
finshaggy,1
finshaggy_life_story,1
florence_-_the_city_of_legendary_artists,1
foocoin,1
food and the consumer,1
food_and_the_consumer,5
foods_herbs_that_beat_diabetes,1
forton_lake_photography_project_part_2,1
free_agency_and_ethics,176
free_server_transfers_in_online_games_good_or_bad,2
freeciv,3
freedom_kills,39
freicoin,3
freytags_analysis,3
galactic_milieu,7
galactic_ruleset,1
galaxies_online,2
garry_s_mod,1
general_development_corp,1
general_financial_corp,1
genesis_by_gabcab,1
getting_cpuminer_running_on_unix_quickly,1
gold,2
gold_buying_in_games,2
green_garden_-_easy_and_helpful_idea_s_and_tips,6
grinding_in_games,2
groupcoin,9
growing_sunflowers_can_be_fun,5
growthcoin,1
guitar,2
guitar_for_beginners,1
gw2_guide_to_understanding_the_market,2
gw2_spvp_esports,44
gw2_weekly_reset_opinion,2
gw2_why_i_like_wvw,2
gw2_wvw_overview,3
haasonline_bot_review,1
hardware,1
has_terrorism_replaced_communism_in_western_media,1
hashtaglol,1
health,4
history_of_democracy,1
how_to_get_setup_earning_devcoins_by_writing,25
how_to_grow_datura_inoxia,1
how_to_make_hash,1
how_to_make_movie_theater_popcorn,1
how_to_make_scrypot,1
how_to_remove_antifouling,2
how_to_root_your_samsung_galaxy_android_phone,3
how_to_run_a_successful_market_stall,10
how_to_setup_a_merged_mining_bitcoin_pool_with_poolserverj,3
html_calculator_-_how_to_make_it,1
human hate (poem),1
human_mediated_teaching_vs_computerized_teaching_modalities,1
i0coin,1
i_couldn_t_believe,1
if_this_then_that_feeds,2
importanceofmaths,1
in_honor_of_devcoins_second_anniversary,4
inside_a_church_scandal,2
insomnia_and_sleeping_better,1
install_devcoin_ubuntu,3
install_primecoin_ubuntu,36
installing_glass_blocks_professionally,1
intelligence,1
internet_as_an_emergent_phenomenon,1
introduction_-_understanding_basic_cisco_switching_and_routing_it_part_i,4
introduction_-_understanding_basic_cisco_switching_and_routing_it_part_ii,6
introduction_to_nootropics,1
investing_in_just_-_dice,58
is_anonymity_bad,2
is_bitcoin_a_currency,19
is_gaming_bad_for_you,2
is_rift_p2w,2
italy_-_his_history_part_2,2
iteration,1
ixcoin,6
jacqueline_s_story_project_legacy,1
javascript,1
keeping_cool_in_hot_weather,1
kickstarter_funding_makes_no_sense,2
kilso - chapter 1 - (poem),1
knowth_ireland_the_history_of_megalithic_architecture,1
lake_garda_-_the_greatest_italian_lake,1
let_the_machines_do_the_work,3
lets_play_fiesta_episode_1,2
lets_play_gw2_episode_1,2
lets_play_gw2_episode_2,2
lets_play_rift_episode_1,2
lets_play_rift_episode_2,2
lets_play_rift_episode_3,2
lets_play_rift_episode_4,3
lets_play_rift_episode_5,3
lets_play_rift_episode_6,2
lets_play_rift_episode_7,2
lets_play_rift_episode_8,1
life_of_god_in_the_soul_of_man,175
linear_vs_free_exploration_games,2
list of all cryptocurrencies,1
list of established cryptocurrencies,1
list_of_british_prime_ministers_who_are_related_to_each_other,1
list_of_established_cryptocurrencies,8
litecoin,4
living_through_natural_disasters,2
magic_genie_wishes,2
mahatma_gandhi,2
mailacoin_-_send_bitcoin_via_email_to_friends_and_family_even_if_they_do_not_have_a_bitcoin_wallet,1
maplestory,3
markup_language,1
martians,1
masters_of_the_battlefield,1
mcxnow,1
meditation,1
metal,1
middlecoin_pool,1
minecraft,1
minecraft_servers,2
mining,2
mining_pools_vs_solo_mining,2
money_opinion,1
monies_barter,2
mudgaard,2
music_theory,3
mutiny_in_1626_campaign,1
my_annoying_thoughts,1
my_busride,1
my_jump,1
my_opinion_electric_cars,1
my_plan_for_solar_mining,1
my_thoughts_of_soul_binding_gear_in_games,2
my_thoughts_on_my_first_unborn,1
namecoin,4
nausea_protocol,1
navy_cloud_computing,1
nba_west_preview,1
news_-_taylor_averett_rescue_unedited,1
nirp,1
novacoin,1
novels,2
ode_to_memory_poem,1
offseason_ratings,1
on_writing_and_market_forces,2
online_bitcoin_wallet_service_inputs.io_enables_anyone_to_send_bitcoin_instantly_securely_and_anonymously_off_the_blockchain_worldwide,4
online_gaming_solutions_provider_ultraplay_ltd_enters_the_bitcoin_space,1
open_transactions,1
opensimulator,2
otaku,1
outsider_vs_dollshouse,1
owning_a_business_analysis,1
paintball_for_newbies,2
paper_mountain;,1
paramedic_training,1
password_phishing_defense,2
persona_mulholland_drive,1
peter_and_judas,2
philosophy_of_physical_realism,2
piracetam,2
pisa_-_the_town_of_the_leaning_tower,1
playing_cryptos_like_stocks,2
plugged_in_-_the_effect_of_internet_access_on_education,3
poison_ivy,6
poker_bankroll_management,14
ppcoin,2
president_for_a_day_competition,1
pricing_for_value,1
primecoin,11
primecoin.org,1
primecoinjyjf,1
princess_madeleine,1
psychotic_experience,1
pywallet,19
qualitative_and_quantitative_approaches_to_studying_the_impact_of_technology_in_the_classroom,4
queen_silvia_of_sweden,5
red_coral_-_the_gold_of_mediterranean_sea,1
rested_experience_in_role_playing_games,2
review_death_by_black_hole,1
reviews_of_financial_books,1
rift_10_vs_20_raids,2
rift_161_hotfix_5_response,2
rift_17_gear_changes_blown_out_of_proportion,2
rift_17_patch_notes_tldr,2
rift_17_review,2
rift_18_pts_notes_overview,2
rift_19_conquest_walkthrough,3
rift_2.3_hotfix_8_pvp_gear_changes,2
rift_3.0_water_reveal_and_thoughts,2
rift_afk_players_in_ia,2
rift_artifacts_opinions,2
rift_auction_house_undercutting,58
rift_auction_listing_fee_opinion,51
rift_conquest_review,2
rift_cross_shard_features,51
rift_dd_guide,58
rift_dsm_guide,2
rift_economy_and_why_its_dead,2
rift_ember_isle_ia_preview,2
rift_ember_isle_instant_adventures,2
rift_exodus_of_storm_queen,55
rift_expert_dungeon_merge,2
rift_fc_guide,7
rift_finding_balance_casual_hardcore,2
rift_fishing_bots_somewhat_under_control,2
rift_fishing_preview,2
rift_gambling,2
rift_gearing_up_for_pvp,9
rift_goes_f2p,12
rift_guild_quests_review,13
rift_guild_recruitment_system_preview,6
rift_high_level_low_level_zones,2
rift_ingame_references_1,3
rift_instant_adventures_review,2
rift_instant_adventures_revisited,9
rift_is_not_dead,2
rift_it_guide,57
rift_kb_guide,2
rift_lack_of_tanks,4
rift_leveling_speed,51
rift_lh_guide,6
rift_library_of_the_runemasters,2
rift_loyalty_system,61
rift_mentoring_system,13
rift_onslaught_guide,2
rift_parser_proper_usage,3
rift_planar_attunement_guide,2
rift_planes_of_telara_-_a_look_at_rifts,55
rift_post_t3_boons,2
rift_pre_and_post_sl_difficulty,2
rift_pre_sl_gear_is_worthless,18
rift_raid_finder_opinion,7
rift_raid_progress_ranking_opinion,2
rift_rd_guide,6
rift_ros_chronicle_preview,2
rift_rotf_dungeon_review,2
rift_rotf_guide,55
rift_should_crafted_gear_be_onpar_with_raid,2
rift_social_experiment,53
rift_soul_building_guide,50
rift_storm_breaker_protocol,7
rift_storm_legions_difficulty,65
rift_t3_pa,45
rift_tips_and_tricks_1,50
rift_tips_and_tricks_2,44
rift_unhallowed_boneforge,47
rift_warfront_mentality,2
rift_what_to_do_at_50,2
rift_why_content_nerfs_arent_always_bad,2
ripple,1
rmt_in_online_games,2
rome_-_the_eternal_city,1
roster_of_the_7th_cavalry_in_1876,3
sat_assessment,2
schoolcurriculumdebate,1
schoolsinthecommunity,1
scp-001,5
scp-002,3
scp_object_classes,1
scp_series_1,2
scrypt_altcoin_cloning_guide,38
scrypt_altcoin_troubleshooting_guide,6
sea_monsters,1
secondaryschoolmathematicsglossary,1
secoondaryschoolmathematicsglossary,2
security,1
security_clearance_levels,1
seeking_the_lost_kings_of_england,5
segmenting_and_positioning_research,1
self_employment_ideas,1
short_stories,3
should_gold_farming_in_games_be_allowed,2
should_multi_boxing_games_be_allowed,2
silver,1
slice_and_dice_a_space_opera,1
smallchange,3
smart_quotations,1
so_our_church_is_the_greatest_now_what,1
social_marketing_via_facebook,2
solidcoin,1
south america,1
spend_bitcoin_on_everything_everywhere_with_all4btc,2
spore,1
star_coin,2
sto_pvp_maps,53
storage_idea_s_for_any_season,6
studentperspectiveonuniversitydegree,1
subscription_based_games_and_time_commitments,1
teacher_heals_5,1
teachingassistants,1
temporal_nexus,3
tenebrix,2
tenureinschools,1
tequila,1
tera_bastion_of_lok_guide,2
tera_cultists_refuge_guide,48
tera_why_i_hate_stuns,2
terracoin,2
terraria,1
the willow tree (poem),1
the_bartenders_guide,1
the_birth_of_swedish_democracy,2
the_coming_crypto_currency_revolution;,1
the_conversion_of_saul,2
the_diary_of_dan_fiction,1
the_effects_of_calculators_on_modern_society,2
the_end_of_the_most_generous_faucet_and_other_faucet_musings,1
the_fall_of_blockbuster_video,2
the_foundation,1
the_healthiest_fruits_to_eat,1
the_healthiest_vegetables_to_eat,1
the_importance_of_truth,1
the_japan_premium,1
the_outsider,1
the_paradox_of_giving,1
the_piano,8
the_planet_known_as_m5,1
the_problem_of_global_variables,1
the_problem_with_free_web_hosting,1
the_problem_with_hybrid_platform_games,2
the_psychology_of_earning_devcoins_from_the_devtome,1
the_rise_of_the_protestant_church_-_a_historical_account,2
the_role_of_dance_as_narrative_in_seven_brides_for_seven_brothers,8
the_scp_foundation,5
the_swedish_empire,1
the_willow_tree_poem,2
thoughts_on_the_bridge_by_eric_steel_2006,1
tooth_ache,3
treatment_medicine,3
understanding_changing_and_controlling_life_using_flow,1
united_kingdom_britcoin,1
universes_online,2
unocs_-_an_overview,7
urushiol-induced_contact_dermatitis,5
usb_block_eruptors,1
used_car_buying_guide,13
valuing_a_crypto_company,2
veggie_kid_by_gabcab,1
vision_52,1
vlan_-_understanding_basic_cisco_switching_and_routing_it,5
vodka,1
voynich_theory_harris,2
water_-_a_life-bearing_element,2
weaknesses_of_wep,1
when_prophecy_goes_rogue,127
where_to_spend_your_cryptocurrencies,2
who_knows_more,1
why_alt_coin_attacks_hurt_everyone,2
why_are_gamers_antisocial,2
why_coinchat_rocks,2
why_dynamic_levels_in_mmos_rock,7
why_ebooks_are_a_bad_value,1
why_i_dislike_ff8,2
why_inputsio_is_awesome,7
why_perpetual_mining_bonds_are_bad,2
why_rift_planar_attunement_is_capped,8
why_tanks_hate_pugs,2
will_the_real_bitcoin_billionaire_please_stand_up,1
workexperience,1
worst_f2p_model_ever_-_swtor,3
writing_for_the_devtome,1
writing_terms,1
