Alyssa85,1ERn5JRTm5P47LzhiLCbKtduwj9M3cPE81,1/5-Marketing(http://devtome.com/doku.php?id=wiki:user:alyssa85)
Develcuy,1DogCa5wiVZJWFnFDezuw5XssoWWabijnE,20/5-Marketing(http://devtome.com/doku.php?id=wiki:user:develcuy)
Eeharris,1CfWWyDNUeioJc7TBnqDBDyQKJUYwT7S2Z,3/5-Marketing(http://devtome.com/doku.php?id=wiki:user:eeharris)
Emfox,1Emfox1WswYcd2YucUskRzqfRWKkcm1Jut,28/5-Marketing(http://devtome.com/doku.php?id=wiki:user:emfox)
Fuzzybear,18xskifRMWUtMzbHSzQi7rEWF5upmktgF2,14/5-Marketing(http://devtome.com/doku.php?id=wiki:user:fuzzybear)
Hunterbunter,17qBxPE1e84se785Yn3BupFRPPekEc15Pv,8/5-Marketing(http://devtome.com/doku.php?id=wiki:user:hunterbunter)
Jasinlee,1Ahu957fXXwhJ5LqmpxMFHVWwSQ7h4PkXb,10/5-Marketing(http://devtome.com/doku.php?id=wiki:user:jasinlee)
Knotwork,121Pb2BBrU7C61vBdWCKVuFFmaEZr6xFAX,6/5-Marketing(http://devtome.com/doku.php?id=wiki:user:knotwork)
Papacrusher,13mtCyZTnMJRJw9nt7xqbiGU7tXrvkeAJB,1/5-Marketing(http://devtome.com/doku.php?id=wiki:user:papacrusher)
Sifuphil,19vKdk8KxdLNQ3SXrsx8vWELv96pagKoJd,12/5-Marketing(http://devtome.com/doku.php?id=wiki:user:sifuphil)
Smeagol,1SMEAGqpm9JSpJ6JZaM5dEBptPTNahpFa,3/5-Marketing(http://devtome.com/doku.php?id=wiki:user:smeagol)
Teknomen,19V8v8PAc3788Z1tSFvcrsLdQu7RpYu5bK,1/5-Marketing(http://devtome.com/doku.php?id=wiki:user:teknomen)
Unthinkingbit,17vec4jQGCzMEsTnivizHPaowE715tu2CB,6/5-Marketing(http://devtome.com/doku.php?id=wiki:user:unthinkingbit)
Wiser,1LpoMowMPEVWk2LaJUdAUNaK7gBDRA1r7F,1/5-Marketing(http://devtome.com/doku.php?id=wiki:user:wiser)
