Balthozar,1kFhM8vtEzbZ43Z5wcadPvNrb4xFXbgze
CaramelSunshine,1DMjwKJBkt2aujYJPuSCooRNNn9JUJs7Yx
DeadSea33,1A9qwtctYmYrCKSegy7RrNCUJxuohwFQmD
Emfox,1Emfox1WswYcd2YucUskRzqfRWKkcm1Jut
Emilianoz,1EykDePNj9311jvwcUaZczCjNFQ6Ep1zmi
Faucet,1EpJKJbpeoXnYGtoB8F6re78FMAtvNRWMf
Fheenix,1JvdsgxiJQYAJSE4Tjs3BWbXZk6Kw9mxnB
FinShaggy,1BbHG9is6AisQq47Zxi9KHVb3Duo6Lbi9M
Gabcab,14JoB7XgPE57yZ4G57YrEFSurf35TGBE8t
Grc,1FxaZmCkaqkKxbBz52fNAMe9bRn2GoECvf
Ibrennan,14TM5MS9J3TZF2ZmAW91kCxVUHxeWTtLji
Jdean1,1AKHyiMrE5e648KYdvzHDcJcf8QBPjSnXR
John_Smith,1B2fZN58SD4JqaTitHmBLcSo89GfUtvWZ3
John_Tobey,1PWC7PNHL1SgvZaN7xEtygenKjWobWsCuf
Leojane,15szdWSCEVAvXVEKsrEtcKNtCfmo69drZ9
Marticps,12UVr7jmrEitXQfzDPXAQ7etiVaa21p4iT
Matt_Corallo,1JBMattRztKDF2KRS3vhjJXA7h47NEsn2c
Maximilian_Wilhelm,1BroUgeCemQvWeYBekpFyEFGZVqrXnrtQ9
Metazilla,1CJSRunQtPQsiZRK7vznyeCfyDTb2kxGA8
Ondratra,12QHFnbkJEwv8jmmwcXQqLyfTATqpH1eaq
Python,1DTdNS3EksVgYAs7yykVA1eifjEHNqsqaY
Serena,1Hq7gyvgYCnusxcvosmSy26jXXSudnsgwg
Ssm2017,1MKEmEkcJ1STcYCUoDwzhREqt2CjUJwre2
Termhn,1HXeAHn3LrCo7Xv6EU1rHsdvoY8nu9RGZL
Twobits,13A2e3wX9MVMtP1JMxGFcbd2ZuSeVLe8uZ
Weisoq,1Cy9e1Yuwboj63XRkMkT6W6YsGDtYDrsUp
WildElf,13pG9etGRXHjWqE8sc4dhheGzaZT5LsuRk
Yungbull,1NgSfubWAAYrApH5rAe8RYcfdtQTNbWxbo
