Atruk,1x1yenCV3GxoiGPjpE1iykCH9kcmS8fsr
Barnacle_Ed,1G2SGLjNvrhZPZfEeqnmFtK16mddroKArw
CryptoAddicto,1DnUdPN8k4djtdBNTouQxEJd5DQqZMt5Z5
FuzzyBear,18xskifRMWUtMzbHSzQi7rEWF5upmktgF2
IanBerble,1P6NSPXyGxPsetEE1qjWnvpPyZk3qnNboR
Jackjack,19QkqAza7BHFTuoz9N8UQkryP4E9jHo4N3
Jasinlee,1Ahu957fXXwhJ5LqmpxMFHVWwSQ7h4PkXb
Knotwork,121Pb2BBrU7C61vBdWCKVuFFmaEZr6xFAX
Kumala,1FCJgGYirQ4w2uA3rcE2zwVnD8LVwm8fbB
Tosku,1QEMKqsW3y7EgEefSoCR5DLvUvH4xs5zdJ
Unthinkingbit,17vec4jQGCzMEsTnivizHPaowE715tu2CB
Xchrix,1PKRpafpxse7kGByFzqA4EzGusDwamR1em,112NRCenwi3VTS9GMuW1kgnAKFGjE9YymR
