Dalamar96,1BXH2Xida1orS5GpXdniMrwZFbi5iznM92,5-Rating Comments(http://devtome.com/doku.php?id=rating_dalamar96_34)
Dinkleberg,1Mnd6HGYcoNryKT2bkaT55BPsVK1a8o49u,5-Rating Comments(http://devtome.com/doku.php?id=rating_dinkleberg_34)
Eeharris,1CfWWyDNUeioJc7TBnqDBDyQKJUYwT7S2Z,5-Rating Comments(http://devtome.com/doku.php?id=rating_eeharris_34)
Fheenix,1JvdsgxiJQYAJSE4Tjs3BWbXZk6Kw9mxnB,5-Rating Comments(http://devtome.com/doku.php?id=rating_fheenix_34)
Hunterbunter,1LHVxAkzcN8BzSdrT7J2W3CCpiz5Rgj72E,5-Rating Comments(http://devtome.com/doku.php?id=rating_hunterbunter_34)
Melodiemuse,1GJt2nDUrVinYyDFJuWMkkK1Urod5nH72F,5-Rating Comments(http://devtome.com/doku.php?id=rating_melodiemuse_34)
Papacrusher,13mtCyZTnMJRJw9nt7xqbiGU7tXrvkeAJB,5-Rating Comments(http://devtome.com/doku.php?id=rating_papacrusher_34)
Raptorak,1ASdsZ1JUwtVXDfYBx7MRNMeHQ8J51pSRw,5-Rating Comments(http://devtome.com/doku.php?id=rating_raptorak_34)
Smeagol,1SMEAGqpm9JSpJ6JZaM5dEBptPTNahpFa,5-Rating Comments(http://devtome.com/doku.php?id=rating_smeagol_34)
Weisoq,1Cy9e1Yuwboj63XRkMkT6W6YsGDtYDrsUp,5-Rating Comments(http://devtome.com/doku.php?id=rating_weisoq_34)
Wiser,1LpoMowMPEVWk2LaJUdAUNaK7gBDRA1r7F,5-Rating Comments(http://devtome.com/doku.php?id=rating_wiser_34)
